"table","totalRecords","column","displayName","type","isCustom","nonNull","nullCount","nullPct","isSuspect","tags"
"crdfd_customer","18109","cr1bb_chinhsachcongno","Chính sách công nợ","Lookup","True","3","18106","100","False","🔴 high-null; 💀 completely-empty"
"crdfd_customer","18109","cr1bb_chinhsachcongnoname","cr1bb_chinhsachcongnoname","String","True","0","18109","100","False","🔴 high-null; 💀 completely-empty"
"crdfd_customer","18109","cr1bb_nhanviencongnoname","cr1bb_nhanviencongnoname","String","True","0","18109","100","False","🔴 high-null; 💀 completely-empty"
"crdfd_customer","18109","cr1bb_phanloai","Phân loại","Picklist","True","3","18106","100","False","🔴 high-null; 💀 completely-empty"
"crdfd_customer","18109","cr1bb_supervisorname","cr1bb_supervisorname","String","True","0","18109","100","False","🔴 high-null; 💀 completely-empty"
"crdfd_customer","18109","cr3b9_nguoi_xacminh_toadoname","cr3b9_nguoi_xacminh_toadoname","String","True","0","18109","100","False","🔴 high-null; 💀 completely-empty"
"crdfd_customer","18109","crdfd_localname","crdfd_localname","String","True","0","18109","100","False","🔴 high-null; 💀 completely-empty"
"crdfd_customer","18109","crdfd_localyominame","crdfd_localyominame","String","True","0","18109","100","False","🔴 high-null; 💀 completely-empty"
"crdfd_customer","18109","crdfd_macu","Mã cũ","String","True","0","18109","100","True","🔴 high-null; ⚠️ suspect-name; 💀 completely-empty"
"crdfd_customer","18109","crdfd_nhaxename","crdfd_nhaxename","String","True","0","18109","100","False","🔴 high-null; 💀 completely-empty"
"crdfd_customer","18109","crdfd_quanhuyenname","crdfd_quanhuyenname","String","True","0","18109","100","False","🔴 high-null; 💀 completely-empty"
"crdfd_customer","18109","crdfd_salenamename","crdfd_salenamename","String","True","0","18109","100","False","🔴 high-null; 💀 completely-empty"
"crdfd_customer","18109","crdfd_tenthuongmainame","crdfd_tenthuongmainame","String","True","0","18109","100","False","🔴 high-null; 💀 completely-empty"
"crdfd_customer","18109","crdfd_tinhthanhname","crdfd_tinhthanhname","String","True","0","18109","100","False","🔴 high-null; 💀 completely-empty"
"crdfd_customer","18109","new_address_post_merger","Address (Post-Merger)","String","True","4","18105","100","True","🔴 high-null; ⚠️ suspect-name; 💀 completely-empty"
"crdfd_customer","18109","wc001_vitrikhoname","wc001_vitrikhoname","String","True","0","18109","100","False","🔴 high-null; 💀 completely-empty"
"crdfd_customer","18109","wcg_customer_source","Customer Source","Picklist","True","0","18109","100","True","🔴 high-null; ⚠️ suspect-name; 💀 completely-empty"
"crdfd_customer","18109","wcg_segmentation_id","Segmentation","Lookup","True","0","18109","100","False","🔴 high-null; 💀 completely-empty"
"crdfd_customer","18109","wcg_segmentation_idname","wcg_segmentation_idname","String","True","0","18109","100","False","🔴 high-null; 💀 completely-empty"
"crdfd_customer","18109","cr1bb_masothuehokinhdoanh","Mã số thuế hộ kinh doanh","String","True","23","18086","99.9","False","🔴 high-null"
"crdfd_customer","18109","cr3b9_nguoi_xacminh_toado","[Old] Người xác minh tọa độ","Lookup","True","116","17993","99.4","False","🔴 high-null"
"crdfd_customer","18109","crdfd_tindung","Tín dụng","Picklist","True","108","18001","99.4","False","🔴 high-null"
"crdfd_customer","18109","cr1bb_hanmuccongnotran","Hạn mức công nợ trần","Integer","True","150","17959","99.2","False","🔴 high-null"
"crdfd_customer","18109","cr1bb_userngunggiaodich","User ngừng giao dịch","Picklist","True","188","17921","99","False","🔴 high-null"
"crdfd_customer","18109","crdfd_phone2","Điện thoại 2","String","True","222","17887","98.8","False","🔴 high-null"
"crdfd_customer","18109","cr44a_emailnguoinhanhoaon","Email người nhận hoá đơn","String","True","611","17498","96.6","False","🔴 high-null"
"crdfd_customer","18109","crdfd_misa_code","Misa_code","String","True","690","17419","96.2","False","🔴 high-null"
"crdfd_customer","18109","crdfd_avatarurl","Avatar url","String","True","735","17374","95.9","False","🔴 high-null"
"crdfd_customer","18109","cr1bb_hancongnonen","Hạn công nợ nền","DateTime","True","950","17159","94.8","False","🔴 high-null"
"crdfd_customer","18109","wcg_customer_code","Customer code","String","True","1142","16967","93.7","True","🔴 high-null; ⚠️ suspect-name"
"crdfd_customer","18109","crdfd_danhxunglienhe","Danh xưng liên hệ","Picklist","True","1259","16850","93","False","🔴 high-null"
"crdfd_customer","18109","crdfd_sodh_60ngay","[Old] Số DH (60 ngày)","Decimal","True","1304","16805","92.8","False","🔴 high-null"
"crdfd_customer","18109","crdfd_ngaydukientham","Ngày dự kiến thăm","DateTime","True","1460","16649","91.9","False","🔴 high-null"
"crdfd_customer","18109","crdfd_misa_name","Tên pháp lý","String","True","1580","16529","91.3","False","🔴 high-null"
"crdfd_customer","18109","crdfd_ghichu","Ghi chú","String","True","1792","16317","90.1","False","🔴 high-null"
"crdfd_customer","18109","cr1bb_hethongngunggiaodich","Hệ thống ngừng giao dịch","Picklist","True","2060","16049","88.6","False","🟡 mid-null"
"crdfd_customer","18109","cr1bb_ngunggiaodich","Ngừng giao dịch","Picklist","True","2151","15958","88.1","False","🟡 mid-null"
"crdfd_customer","18109","cr1bb_songayuocno","Số ngày được nợ","Integer","True","2194","15915","87.9","False","🟡 mid-null"
"crdfd_customer","18109","cr1bb_trangthaizalo","Trạng thái Zalo","String","True","2304","15805","87.3","False","🟡 mid-null"
"crdfd_customer","18109","cr1bb_followoa","[Old] Follow OA","String","True","2441","15668","86.5","False","🟡 mid-null"
"crdfd_customer","18109","cr1bb_iemhcuakh","Điểm HĐ của KH","Decimal","True","2517","15592","86.1","True","🟡 mid-null; ⚠️ suspect-name"
"crdfd_customer","18109","cr1bb_idmoi","ID mới","String","True","2562","15547","85.9","False","🟡 mid-null"
"crdfd_customer","18109","crdfd_location_temp","[Old] location_temp","String","True","2825","15284","84.4","True","🟡 mid-null; ⚠️ suspect-name"
"crdfd_customer","18109","crdfd_oaid","OA ID","String","True","2958","15151","83.7","False","🟡 mid-null"
"crdfd_customer","18109","cr1bb_donvivanchuyen","Đơn vị vận chuyển","String","True","3270","14839","81.9","False","🟡 mid-null"
"crdfd_customer","18109","cr1bb_congnocu","Công nợ cũ","Decimal","True","3322","14787","81.7","True","🟡 mid-null; ⚠️ suspect-name"
"crdfd_customer","18109","crdfd_nguoixacnhankhct","Người xác nhận KHCT","String","True","3306","14803","81.7","False","🟡 mid-null"
"crdfd_customer","18109","crdfd_nhaxe","Nhà xe LK","Lookup","True","3349","14760","81.5","False","🟡 mid-null"
"crdfd_customer","18109","crdfd_promotionjsontennhomsp","Promotion json tên nhóm SP","Memo","True","3506","14603","80.6","False","🟡 mid-null"
"crdfd_customer","18109","crdfd_json_phan_hang_chu_ky_hien_tai","Json phân hạng (chu kỳ hiện tại)","String","True","3635","14474","79.9","False","🟡 mid-null"
"crdfd_customer","18109","crdfd_json_phan_hang_chu_ky_truoc","Json phân hạng (chu kỳ trước)","String","True","3635","14474","79.9","False","🟡 mid-null"
"crdfd_customer","18109","crdfd_wecare_rewards","Wecare Rewards","String","True","3636","14473","79.9","False","🟡 mid-null"
"crdfd_customer","18109","cr1bb_toao","[Old] Tọa độ","String","True","3685","14424","79.7","False","🟡 mid-null"
"crdfd_customer","18109","cr1bb_sptiemnangaconfirm","[Old] SP tiềm năng (đã confirm)","Memo","True","3938","14171","78.3","False","🟡 mid-null"
"crdfd_customer","18109","crdfd_chkd_da_khoi_tao","[Old] CHKD đã khởi tạo","Decimal","True","4237","13872","76.6","False","🟡 mid-null"
"crdfd_customer","18109","cr1bb_hanmuccongnonen","Hạn mức công nợ nền","Integer","True","4343","13766","76","False","🟡 mid-null"
"crdfd_customer","18109","cr1bb_groupzalo","Group zalo","String","True","4749","13360","73.8","False","🟡 mid-null"
"crdfd_customer","18109","crdfd_sotiencongno","Số tiền công nợ","Integer","True","5159","12950","71.5","False","🟡 mid-null"
"crdfd_customer","18109","cr1bb_last_order_date","Last_order_date","DateTime","True","5464","12645","69.8","False","🟡 mid-null"
"crdfd_customer","18109","crdfd_promotionjson","Promotion json mã nhóm SP","Memo","True","5490","12619","69.7","False","🟡 mid-null"
"crdfd_customer","18109","cr1bb_phuongthucthanhtoan","Phương thức thanh toán","Picklist","True","5726","12383","68.4","False","🟡 mid-null"
"crdfd_customer","18109","crdfd_congnoquahan","Công nợ quá hạn","Decimal","True","5847","12262","67.7","False","🟡 mid-null"
"crdfd_customer","18109","crdfd_congnoxau","Công nợ xấu","Decimal","True","5847","12262","67.7","False","🟡 mid-null"
"crdfd_customer","18109","crdfd_lich_su_cskh","Lịch sử CSKH (6 tháng)","Memo","True","6081","12028","66.4","False","🟡 mid-null"
"crdfd_customer","18109","cr1bb_actinh","[Old] Đặc tính","Picklist","True","6298","11811","65.2","False","🟡 mid-null"
"crdfd_customer","18109","crdfd_ngay_sinh","Ngày sinh","DateTime","True","6346","11763","65","False","🟡 mid-null"
"crdfd_customer","18109","crdfd_contact","Người liên hệ","String","True","6413","11696","64.6","False","🟡 mid-null"
"crdfd_customer","18109","cr1bb_nganhchuluc","Ngành chủ lực","Picklist","True","6427","11682","64.5","False","🟡 mid-null"
"crdfd_customer","18109","cr1bb_congnongaytruoc","Công nợ ngày trước","Decimal","True","7034","11075","61.2","False","🟡 mid-null"
"crdfd_customer","18109","crdfd_mst","MST","String","True","8930","9179","50.7","False","🟡 mid-null"
"crdfd_customer","18109","crdfd_toaoxacminh","Tọa độ xác minh","String","True","12409","5700","31.5","False",""
"crdfd_customer","18109","cr1bb_ngaytham_gannhat","Ngày thăm gần nhất","DateTime","True","12916","5193","28.7","False",""
"crdfd_customer","18109","cr1bb_thongtinchungbanau","Thông tin chung ban đầu","String","True","13750","4359","24.1","False",""
"crdfd_customer","18109","cr1bb_motanguoiaidien","Mô tả người đại diện","String","True","14520","3589","19.8","False",""
"crdfd_customer","18109","cr1bb_tiemnangbanau","Tiềm năng ban đầu","Picklist","True","14956","3153","17.4","False",""
"crdfd_customer","18109","cr1bb_congnotran","Công nợ trần","Boolean","True","15559","2550","14.1","False",""
"crdfd_customer","18109","crdfd_xacnhanthanhtoanonline","Xác nhận thanh toán online_","Boolean","True","15631","2478","13.7","False",""
"crdfd_customer","18109","crdfd_xacnhanvitrigiaohang","Xác nhận vị trí giao hàng","Boolean","True","15630","2479","13.7","False",""
"crdfd_customer","18109","crdfd_quanhuyen","Quận huyện","Lookup","True","15725","2384","13.2","False",""
"crdfd_customer","18109","wc001_vitrikho","Vị trí kho","Lookup","True","15874","2235","12.3","False",""
"crdfd_customer","18109","crdfd_tier"," Tier","String","True","16030","2079","11.5","False",""
"crdfd_customer","18109","cr1bb_supervisor","Supervisor","Lookup","True","16116","1993","11","False",""
"crdfd_customer","18109","crdfd_incongno","In công nợ","Boolean","True","16202","1907","10.5","False",""
"crdfd_customer","18109","crdfd_trangthaikh_tangtruong","Trạng thái KH_Tăng trưởng","Picklist","True","16232","1877","10.4","False",""
"crdfd_customer","18109","crdfd_tamngungkhuyenmai","Tạm ngừng khuyến mãi","Boolean","True","16301","1808","10","False",""
"crdfd_customer","18109","cr1bb_nhanviencongno","Nhân viên công nợ","Lookup","True","16591","1518","8.4","False",""
"crdfd_customer","18109","crdfd_tinhthanh","Tỉnh thành","Lookup","True","16655","1454","8","False",""
"crdfd_customer","18109","crdfd_summarycustomer","Summary","Memo","True","16782","1327","7.3","True","⚠️ suspect-name"
"crdfd_customer","18109","crdfd_promotionnspmoi","Promotion NSP mới","Memo","True","16874","1235","6.8","False",""
"crdfd_customer","18109","crdfd_tenthuongmai","Tên thương mại","Lookup","True","17154","955","5.3","False",""
"crdfd_customer","18109","cr44a_st","Điện thoại","String","True","17203","906","5","False",""
"crdfd_customer","18109","crdfd_trangthaikh_lienketcal","Trạng thái KH_Liên kết cal","String","True","17242","867","4.8","False",""
"crdfd_customer","18109","wc001_trangthaikh_lienket","Trạng thái KH_Liên kết","Picklist","True","17242","867","4.8","False",""
"crdfd_customer","18109","wc001_trangthaikh_tindung","Trạng thái KH_Tín dụng","Picklist","True","17244","865","4.8","False",""
"crdfd_customer","18109","cr1bb_loaicuahangtext","Loại cửa hàng text","String","True","17348","761","4.2","True","⚠️ suspect-name"
"crdfd_customer","18109","cr1bb_loaicuahang","Loại cửa hàng","Picklist","True","17411","698","3.9","True","⚠️ suspect-name"
"crdfd_customer","18109","cr1bb_idomi","ID Omi","String","True","17412","697","3.8","False",""
"crdfd_customer","18109","wc001_trangthaikh_tiemnang","Trạng thái KH_Tiềm năng","Picklist","True","17555","554","3.1","False",""
"crdfd_customer","18109","cr1bb_ieukhoanthanhtoan","Điều khoản thanh toán","Picklist","True","17670","439","2.4","False",""
"crdfd_customer","18109","crdfd_address","Địa chỉ","String","True","17668","441","2.4","False",""
"crdfd_customer","18109","crdfd_ieukhoanthanhtoan","Điều khoản thanh toán text","String","True","17670","439","2.4","False",""
"crdfd_customer","18109","crdfd_trangthaicskh","Trạng thái CSKH","Picklist","True","17666","443","2.4","False",""
"crdfd_customer","18109","cr1bb_congnonen","Công nợ nền","Boolean","True","17712","397","2.2","False",""
"crdfd_customer","18109","crdfd_capkh","[Old] Cấp KH","Picklist","True","17721","388","2.1","False",""
"crdfd_customer","18109","crdfd_capkhtext","[Old] Cấp KH text","String","True","17721","388","2.1","False",""
"crdfd_customer","18109","crdfd_salename","Sale name","Lookup","True","17849","260","1.4","False",""
"crdfd_customer","18109","crdfd_nganhnghe","Ngành nghề chi tiết","Picklist","True","17887","222","1.2","False",""
"crdfd_customer","18109","crdfd_name","Customer name","String","True","18043","66","0.4","False",""
"crdfd_customer","18109","cr1bb_manhanviencongno","Mã nhân viên công nợ","String","True","18109","0","0","False",""
"crdfd_customer","18109","cr1bb_manv","Mã NV","String","True","18109","0","0","False",""
"crdfd_customer","18109","cr1bb_nganhnghemoi","Ngành nghề","Picklist","True","18109","0","0","False",""
"crdfd_customer","18109","cr1bb_nhanviencongnotext","Nhân viên công nợ(text)","String","True","18109","0","0","False",""
"crdfd_customer","18109","cr1bb_nhanviensaletext","Nhân viên sale (text)","String","True","18109","0","0","False",""
"crdfd_customer","18109","cr1bb_oamessege","OA messege","Boolean","True","18109","0","0","False",""
"crdfd_customer","18109","cr1bb_soonhang","Số đơn hàng","Integer","True","18109","0","0","False",""
"crdfd_customer","18109","cr1bb_soonhang_date","Số đơn hàng (Last Updated On)","DateTime","True","18109","0","0","False",""
"crdfd_customer","18109","cr1bb_soonhang_state","Số đơn hàng (State)","Integer","True","18109","0","0","False",""
"crdfd_customer","18109","cr1bb_tinhthanh","Tỉnh/thành CAL","String","True","18109","0","0","False",""
"crdfd_customer","18109","cr44a_makhachhang","Mã khách hàng","String","True","18109","0","0","False",""
"crdfd_customer","18109","crdfd_keyquanhuyen","Key quận huyện","String","True","18109","0","0","False",""
"crdfd_customer","18109","crdfd_lienhezalo","Liên hệ Zalo","String","True","18109","0","0","False",""
"crdfd_customer","18109","crdfd_loaioituong","Loại đối tượng","Picklist","True","18109","0","0","False",""
"crdfd_customer","18109","crdfd_local","local user","Lookup","True","18109","0","0","False",""
"crdfd_customer","18109","crdfd_localtext","Local ","String","True","18109","0","0","False",""
"crdfd_customer","18109","crdfd_nganhnghetext","Ngành nghề text","String","True","18109","0","0","False",""
"crdfd_customer","18109","crdfd_nha_xe","Nhà xe","String","True","18109","0","0","False",""
"crdfd_customer","18109","crdfd_quanhuyencal","Quận huyện CAL","String","True","18109","0","0","False",""
"crdfd_customer","18109","crdfd_salemail","Sale - mail","String","True","18109","0","0","False",""
"crdfd_customer","18109","crdfd_saleonline","Sale online","String","True","18109","0","0","False",""
"crdfd_customer","18109","crdfd_supervisormail","Supervisor - mail","String","True","18109","0","0","False",""
"crdfd_customer","18109","crdfd_trangthaikh","Trạng thái KH","Picklist","True","18109","0","0","False",""
"crdfd_customer","18109","crdfd_trangthaikhtext","Trạng thái KH text","String","True","18109","0","0","False",""
"crdfd_supplier","2163","cr1bb_acc_employeename","cr1bb_acc_employeename","String","True","0","2163","100","False","🔴 high-null; 💀 completely-empty"
"crdfd_supplier","2163","cr1bb_chinhsachcongnoname","cr1bb_chinhsachcongnoname","String","True","0","2163","100","False","🔴 high-null; 💀 completely-empty"
"crdfd_supplier","2163","cr1bb_jsonsummaryncc","JSON Summary NCC","Memo","True","0","2163","100","False","🔴 high-null; 💀 completely-empty"
"crdfd_supplier","2163","cr1bb_picinternationalsuppliername","cr1bb_picinternationalsuppliername","String","True","0","2163","100","False","🔴 high-null; 💀 completely-empty"
"crdfd_supplier","2163","cr1bb_tnphpl","Tn php l","String","True","0","2163","100","False","🔴 high-null; 💀 completely-empty"
"crdfd_supplier","2163","crdfd_acthugiaohang","Đặc thù giao hàng","String","True","0","2163","100","False","🔴 high-null; 💀 completely-empty"
"crdfd_supplier","2163","crdfd_cacvanehayecap","Các vấn đề hay đề cập","String","True","0","2163","100","False","🔴 high-null; 💀 completely-empty"
"crdfd_supplier","2163","crdfd_chanhxevanchuyenname","crdfd_chanhxevanchuyenname","String","True","0","2163","100","False","🔴 high-null; 💀 completely-empty"
"crdfd_supplier","2163","crdfd_checkfile","Check file","String","True","0","2163","100","True","🔴 high-null; ⚠️ suspect-name; 💀 completely-empty"
"crdfd_supplier","2163","crdfd_diachiphaply","Địa chỉ pháp lý","String","True","0","2163","100","False","🔴 high-null; 💀 completely-empty"
"crdfd_supplier","2163","crdfd_ggmapurl","GG Map URL","String","True","1","2162","100","False","🔴 high-null; 💀 completely-empty"
"crdfd_supplier","2163","crdfd_hopdongnguyentac","Hợp đồng nguyên tắc","String","True","0","2163","100","False","🔴 high-null; 💀 completely-empty"
"crdfd_supplier","2163","crdfd_khananggianno","Khả năng giãn nợ","Picklist","True","0","2163","100","False","🔴 high-null; 💀 completely-empty"
"crdfd_supplier","2163","crdfd_locationname","crdfd_locationname","String","True","0","2163","100","False","🔴 high-null; 💀 completely-empty"
"crdfd_supplier","2163","crdfd_nguoitaoname","crdfd_nguoitaoname","String","True","0","2163","100","False","🔴 high-null; 💀 completely-empty"
"crdfd_supplier","2163","crdfd_nhanvienphutrachnangcapname","crdfd_nhanvienphutrachnangcapname","String","True","0","2163","100","False","🔴 high-null; 💀 completely-empty"
"crdfd_supplier","2163","crdfd_rejectednote","Rejected note","String","True","0","2163","100","False","🔴 high-null; 💀 completely-empty"
"crdfd_supplier","2163","crdfd_sanphamchinh","Sản phẩm chính","Lookup","True","0","2163","100","False","🔴 high-null; 💀 completely-empty"
"crdfd_supplier","2163","crdfd_sanphamchinhname","crdfd_sanphamchinhname","String","True","0","2163","100","False","🔴 high-null; 💀 completely-empty"
"crdfd_supplier","2163","crdfd_sourcingchanelname","crdfd_sourcingchanelname","String","True","0","2163","100","False","🔴 high-null; 💀 completely-empty"
"crdfd_supplier","2163","crdfd_sourcingpeoplename","crdfd_sourcingpeoplename","String","True","0","2163","100","False","🔴 high-null; 💀 completely-empty"
"crdfd_supplier","2163","crdfd_supplierregionname","crdfd_supplierregionname","String","True","0","2163","100","False","🔴 high-null; 💀 completely-empty"
"crdfd_supplier","2163","crdfd_tenthuongmainame","crdfd_tenthuongmainame","String","True","0","2163","100","False","🔴 high-null; 💀 completely-empty"
"crdfd_supplier","2163","crdfd_test","test","String","True","0","2163","100","True","🔴 high-null; ⚠️ suspect-name; 💀 completely-empty"
"crdfd_supplier","2163","crdfd_tinh_thanhname","crdfd_tinh_thanhname","String","True","0","2163","100","False","🔴 high-null; 💀 completely-empty"
"crdfd_supplier","2163","crdfd_warehousename","crdfd_warehousename","String","True","0","2163","100","False","🔴 high-null; 💀 completely-empty"
"crdfd_supplier","2163","crdfd_angkykinhdoanh_name","crdfd_angkykinhdoanh_name","String","True","3","2160","99.9","False","🔴 high-null"
"crdfd_supplier","2163","crdfd_ketquabaogiabanau","Kết quả báo giá ban đầu","String","True","3","2160","99.9","False","🔴 high-null"
"crdfd_supplier","2163","crdfd_toao","Tọa độ","String","True","2","2161","99.9","False","🔴 high-null"
"crdfd_supplier","2163","crdfd_mucdobaophukhachhangdoithu","Mức độ bao phủ khách hàng (Đối thủ)","Memo","True","5","2158","99.8","False","🔴 high-null"
"crdfd_supplier","2163","cr1bb_websitencc","Website NCC","String","True","7","2156","99.7","False","🔴 high-null"
"crdfd_supplier","2163","cr1bb_picinternationalsupplier","PIC - International Supplier","Lookup","True","10","2153","99.5","False","🔴 high-null"
"crdfd_supplier","2163","cr1bb_oaid","OA ID","String","True","13","2150","99.4","False","🔴 high-null"
"crdfd_supplier","2163","crdfd_password","Password","String","True","12","2151","99.4","False","🔴 high-null"
"crdfd_supplier","2163","crdfd_tinhcach","Tính cách","String","True","13","2150","99.4","False","🔴 high-null"
"crdfd_supplier","2163","cr1bb_lichsutenphaply","Lịch sử tên pháp lý","Memo","True","19","2144","99.1","False","🔴 high-null"
"crdfd_supplier","2163","crdfd_khachhangtieubieu","Khách hàng tiêu biểu","String","True","20","2143","99.1","False","🔴 high-null"
"crdfd_supplier","2163","crdfd_namthanhlap","Năm thành lập","String","True","19","2144","99.1","False","🔴 high-null"
"crdfd_supplier","2163","cr1bb_idmoi","ID mới","String","True","21","2142","99","False","🔴 high-null"
"crdfd_supplier","2163","crdfd_motachungdoithu","Mô tả chung (đối thủ)","Memo","True","22","2141","99","False","🔴 high-null"
"crdfd_supplier","2163","cr1bb_loaivip","Loại VIP","Picklist","True","32","2131","98.5","False","🔴 high-null"
"crdfd_supplier","2163","crdfd_quymo","Quy mô","String","True","35","2128","98.4","False","🔴 high-null"
"crdfd_supplier","2163","cr1bb_ngayuutien","Ngày ưu tiên","DateTime","True","43","2120","98","False","🔴 high-null"
"crdfd_supplier","2163","crdfd_nguoitao","Người tạo","Lookup","True","46","2117","97.9","False","🔴 high-null"
"crdfd_supplier","2163","crdfd_ngayhieuluctenphaply","Ngày hiệu lực tên pháp lý","DateTime","True","50","2113","97.7","False","🔴 high-null"
"crdfd_supplier","2163","crdfd_congno","Công nợ","Decimal","True","54","2109","97.5","False","🔴 high-null"
"crdfd_supplier","2163","crdfd_email","Email","String","True","54","2109","97.5","False","🔴 high-null"
"crdfd_supplier","2163","crdfd_notes","Notes","String","True","70","2093","96.8","False","🔴 high-null"
"crdfd_supplier","2163","cr1bb_phanloai","Phân loại","Picklist","True","92","2071","95.7","False","🔴 high-null"
"crdfd_supplier","2163","crdfd_hinhanh_timestamp","crdfd_hinhanh_timestamp","BigInt","True","94","2069","95.7","False","🔴 high-null"
"crdfd_supplier","2163","crdfd_hinhanh_url","crdfd_hinhanh_url","String","True","94","2069","95.7","False","🔴 high-null"
"crdfd_supplier","2163","crdfd_hinhanhid","crdfd_hinhanhid","Uniqueidentifier","True","94","2069","95.7","False","🔴 high-null"
"crdfd_supplier","2163","cr1bb_hanno","Hạn nợ","Decimal","True","99","2064","95.4","False","🔴 high-null"
"crdfd_supplier","2163","crdfd_giaiphap","Giải pháp","Picklist","True","116","2047","94.6","False","🔴 high-null"
"crdfd_supplier","2163","crdfd_actinh","Đặc tính","Picklist","True","126","2037","94.2","False","🔴 high-null"
"crdfd_supplier","2163","crdfd_nhomspchinh","Nhóm sp chính","String","True","134","2029","93.8","False","🔴 high-null"
"crdfd_supplier","2163","crdfd_soluongbaogia","Số lượng báo giá","Integer","True","136","2027","93.7","False","🔴 high-null"
"crdfd_supplier","2163","crdfd_quanhuyen","Quận huyện","String","True","139","2024","93.6","False","🔴 high-null"
"crdfd_supplier","2163","cr1bb_trancongno","Trần công nợ","Integer","True","141","2022","93.5","False","🔴 high-null"
"crdfd_supplier","2163","crdfd_zalogroup","Zalo Group","String","True","143","2020","93.4","False","🔴 high-null"
"crdfd_supplier","2163","crdfd_sonhomspamuatrong2thang","Số nhóm sp đã mua trong 2 tháng","Integer","True","148","2015","93.2","False","🔴 high-null"
"crdfd_supplier","2163","crdfd_soonhangamuatrong2thang","Số đơn hàng đã mua trong 2 tháng","Integer","True","148","2015","93.2","False","🔴 high-null"
"crdfd_supplier","2163","crdfd_spaban","SP đã mua","Memo","True","148","2015","93.2","False","🔴 high-null"
"crdfd_supplier","2163","crdfd_tongtienmuatrong2thang","Tổng tiền mua trong 2 tháng","Decimal","True","148","2015","93.2","False","🔴 high-null"
"crdfd_supplier","2163","crdfd_tuongquangiasovoithitruong","Tương quan giá so với thị trường","String","True","153","2010","92.9","False","🔴 high-null"
"crdfd_supplier","2163","crdfd_tongquan","Tổng quan","Memo","True","212","1951","90.2","False","🔴 high-null"
"crdfd_supplier","2163","crdfd_tennganhangkhongvat","Tên ngân hàng - Không VAT","String","True","223","1940","89.7","False","🟡 mid-null"
"crdfd_supplier","2163","crdfd_nguoithuhuongkhongvat","Người thụ hưởng - Không VAT","String","True","224","1939","89.6","False","🟡 mid-null"
"crdfd_supplier","2163","crdfd_stknganhangkhongvat","STK ngân hàng - Không VAT","String","True","226","1937","89.6","False","🟡 mid-null"
"crdfd_supplier","2163","crdfd_loai","Mô hình hoạt động","Picklist","True","230","1933","89.4","False","🟡 mid-null"
"crdfd_supplier","2163","crdfd_loaihinhkinhdoanh","Loại hình kinh doanh","Picklist","True","236","1927","89.1","False","🟡 mid-null"
"crdfd_supplier","2163","crdfd_nguoithuhuong","Người thụ hưởng - VAT","String","True","271","1892","87.5","False","🟡 mid-null"
"crdfd_supplier","2163","cr1bb_kyxuathoadon","Kỳ xuất hoá đơn","Picklist","True","274","1889","87.3","False","🟡 mid-null"
"crdfd_supplier","2163","crdfd_sourcingchanel","Sourcing chanel","Lookup","True","288","1875","86.7","False","🟡 mid-null"
"crdfd_supplier","2163","crdfd_kieunhacungcap","Kiểu nhà cung cấp","Picklist","True","292","1871","86.5","True","🟡 mid-null; ⚠️ suspect-name"
"crdfd_supplier","2163","crdfd_iemnhacc","Điểm NCC","Decimal","True","333","1830","84.6","False","🟡 mid-null"
"crdfd_supplier","2163","crdfd_trangthaiphanloaincc","Supplier Category","Picklist","True","333","1830","84.6","False","🟡 mid-null"
"crdfd_supplier","2163","crdfd_nhanvienphutrachnangcap","Nhân viên phụ trách nâng cấp","Lookup","True","346","1817","84","False","🟡 mid-null"
"crdfd_supplier","2163","crdfd_chanhxevanchuyen","Chành xe vận chuyển","Lookup","True","350","1813","83.8","False","🟡 mid-null"
"crdfd_supplier","2163","cr1bb_acc_employee","Nhân viên kế toán","Lookup","True","370","1793","82.9","False","🟡 mid-null"
"crdfd_supplier","2163","cr1bb_soonhang","Số Đơn Hàng 12 tháng","Integer","True","371","1792","82.8","False","🟡 mid-null"
"crdfd_supplier","2163","cr1bb_supplierregionfx","Supplier Region fx","String","True","510","1653","76.4","False","🟡 mid-null"
"crdfd_supplier","2163","crdfd_location","Location","Lookup","True","510","1653","76.4","False","🟡 mid-null"
"crdfd_supplier","2163","crdfd_supplierregion","Supplier Region","Lookup","True","510","1653","76.4","False","🟡 mid-null"
"crdfd_supplier","2163","crdfd_warehouse","Warehouse","Lookup","True","510","1653","76.4","False","🟡 mid-null"
"crdfd_supplier","2163","cr1bb_nccuutien","NCC ưu tiên","Boolean","True","579","1584","73.2","True","🟡 mid-null; ⚠️ suspect-name"
"crdfd_supplier","2163","cr1bb_chinhsachcongno","Chính sách công nợ","Lookup","True","604","1559","72.1","False","🟡 mid-null"
"crdfd_supplier","2163","cr1bb_checkcongno","check công nợ","Boolean","True","804","1359","62.8","True","🟡 mid-null; ⚠️ suspect-name"
"crdfd_supplier","2163","crdfd_misacode","Misa code","String","True","810","1353","62.6","False","🟡 mid-null"
"crdfd_supplier","2163","crdfd_tinh_thanh","Tỉnh/Thành","Lookup","True","851","1312","60.7","False","🟡 mid-null"
"crdfd_supplier","2163","crdfd_doithucanhtranh","Đối thủ cạnh tranh","Boolean","True","898","1265","58.5","False","🟡 mid-null"
"crdfd_supplier","2163","crdfd_congnotinhenhomnay","Công nợ tính đến hôm nay","Decimal","True","935","1228","56.8","False","🟡 mid-null"
"crdfd_supplier","2163","crdfd_sourcingpeople","Nhân viên sourcing","Lookup","True","948","1215","56.2","False","🟡 mid-null"
"crdfd_supplier","2163","crdfd_trangthaibaogia","Trạng thái báo giá","Picklist","True","952","1211","56","False","🟡 mid-null"
"crdfd_supplier","2163","crdfd_supplierphone","Phone","String","True","998","1165","53.9","False","🟡 mid-null"
"crdfd_supplier","2163","crdfd_tenthuongmai","Tên thương mại","Lookup","True","1018","1145","52.9","False","🟡 mid-null"
"crdfd_supplier","2163","crdfd_ngay_tao","Ngày tạo","DateTime","True","1059","1104","51","False","🟡 mid-null"
"crdfd_supplier","2163","crdfd_cobanob","Có bán ở BĐ?","Boolean","True","1096","1067","49.3","False",""
"crdfd_supplier","2163","crdfd_arpolicy","Chính sách nợ công","String","True","1129","1034","47.8","False",""
"crdfd_supplier","2163","crdfd_trangthaincc","Trạng thái NCC","Picklist","True","1178","985","45.5","False",""
"crdfd_supplier","2163","crdfd_bankname","Tên ngân hàng - VAT","String","True","1476","687","31.8","False",""
"crdfd_supplier","2163","crdfd_banknum","STK ngân hàng - VAT","String","True","1481","682","31.5","False",""
"crdfd_supplier","2163","crdfd_taxcode","MST","String","True","1484","679","31.4","False",""
"crdfd_supplier","2163","crdfd_nccgiaiongap","NCC giải đơn gấp","Boolean","True","1718","445","20.6","False",""
"crdfd_supplier","2163","crdfd_nhacungcap","Có bán cho công ty","Boolean","True","1754","409","18.9","True","⚠️ suspect-name"
"crdfd_supplier","2163","crdfd_type","Type","Picklist","True","1754","409","18.9","False",""
"crdfd_supplier","2163","crdfd_supplier_addr","Địa chỉ","String","True","1837","326","15.1","False",""
"crdfd_supplier","2163","cr1bb_tongtienlast30day_date","Tổng tiền last 30 day (Last Updated On)","DateTime","True","1917","246","11.4","False",""
"crdfd_supplier","2163","cr1bb_tongtienlast30day_state","Tổng tiền last 30 day (State)","Integer","True","1917","246","11.4","False",""
"crdfd_supplier","2163","crdfd_tongtienlast30daynumber","Tổng tiền last 30 day (Number)","Decimal","True","1917","246","11.4","False",""
"crdfd_supplier","2163","cr1bb_soonhangamuatrong3thang","Số đơn hàng đã mua trong 3 tháng","Integer","True","1936","227","10.5","False",""
"crdfd_supplier","2163","crdfd_misaname","Tên pháp lý","String","True","1985","178","8.2","False",""
"crdfd_supplier","2163","crdfd_suppliername","SupplierName","String","True","2159","4","0.2","False",""
"crdfd_supplier","2163","crdfd_loaioituong","Loại đối tượng","Picklist","True","2161","2","0.1","False",""
"crdfd_supplier","2163","cr1bb_manvsource","Mã NV source","String","True","2163","0","0","False",""
"crdfd_supplier","2163","cr1bb_oamessage","OA message","Boolean","True","2163","0","0","False",""
"crdfd_supplier","2163","cr44a_manhacungcap","Mã nhà cung cấp","String","True","2163","0","0","True","⚠️ suspect-name"
"crdfd_supplier","2163","crdfd_checkstknganhang","Check STK ngân hàng","String","True","2163","0","0","True","⚠️ suspect-name"
"crdfd_supplier","2163","crdfd_sonhomsanphamcohoi","Số nhóm sản phẩm cơ hội","Integer","True","2163","0","0","False",""
"crdfd_supplier","2163","crdfd_sonhomsanphamcohoi_date","Số nhóm sản phẩm cơ hội (Last Updated On)","DateTime","True","2163","0","0","False",""
"crdfd_supplier","2163","crdfd_sonhomsanphamcohoi_state","Số nhóm sản phẩm cơ hội (State)","Integer","True","2163","0","0","False",""
"crdfd_supplier","2163","crdfd_soonhang","Số đơn hàng","Integer","True","2163","0","0","False",""
"crdfd_supplier","2163","crdfd_soonhang_date","Số đơn hàng (Last Updated On)","DateTime","True","2163","0","0","False",""
"crdfd_supplier","2163","crdfd_soonhang_state","Số đơn hàng (State)","Integer","True","2163","0","0","False",""
"crdfd_supplier","2163","crdfd_summary","Summary","String","True","2163","0","0","False",""
"crdfd_supplier","2163","crdfd_trangthailenon","Trạng thái lên đơn","String","True","2163","0","0","False",""
"crdfd_supplier","2163","crdfd_trangthaiphanloai","Trạng thái phê duyệt","String","True","2163","0","0","False",""
"crdfd_supplier","2163","cr1bb_tongtienlast30day","Tổng tiền last 30 day","Money","True","-1","-1",,"False",""
"crdfd_supplier","2163","cr1bb_tongtienlast30day_base","Tổng tiền last 30 day (Base)","Money","True","-1","-1",,"False",""
"crdfd_employee","843","cr1bb_capbacname","cr1bb_capbacname","String","True","0","843","100","False","🔴 high-null; 💀 completely-empty"
"crdfd_employee","843","cr1bb_chucvuname","cr1bb_chucvuname","String","True","0","843","100","False","🔴 high-null; 💀 completely-empty"
"crdfd_employee","843","cr1bb_phongbanname","cr1bb_phongbanname","String","True","0","843","100","False","🔴 high-null; 💀 completely-empty"
"crdfd_employee","843","cr1bb_solantham_kh_mongdoi","Số lần thăm KH mong đợi/ ngày","Integer","True","0","843","100","False","🔴 high-null; 💀 completely-empty"
"crdfd_employee","843","cr1bb_soluongkhachmongdoi","Số lượng khách mong đợi","Integer","True","0","843","100","False","🔴 high-null; 💀 completely-empty"
"crdfd_employee","843","cr1bb_summary","Summary","String","True","0","843","100","False","🔴 high-null; 💀 completely-empty"
"crdfd_employee","843","cr1bb_tenthuongmainame","cr1bb_tenthuongmainame","String","True","0","843","100","False","🔴 high-null; 💀 completely-empty"
"crdfd_employee","843","cr1bb_tongluong","Tổng lương","Integer","True","0","843","100","False","🔴 high-null; 💀 completely-empty"
"crdfd_employee","843","crdfd_firstname","First name","String","True","0","843","100","False","🔴 high-null; 💀 completely-empty"
"crdfd_employee","843","crdfd_lastname","Last name","String","True","0","843","100","False","🔴 high-null; 💀 completely-empty"
"crdfd_employee","843","crdfd_motasoluoc","Mô tả sơ lược","String","True","0","843","100","False","🔴 high-null; 💀 completely-empty"
"crdfd_employee","843","crdfd_nguoilienhekhancap","Người liên hệ khẩn cấp","String","True","0","843","100","False","🔴 high-null; 💀 completely-empty"
"crdfd_employee","843","crdfd_quanlytructiepname","crdfd_quanlytructiepname","String","True","0","843","100","False","🔴 high-null; 💀 completely-empty"
"crdfd_employee","843","crdfd_social","Social","String","True","0","843","100","False","🔴 high-null; 💀 completely-empty"
"crdfd_employee","843","crdfd_stt","STT","Integer","True","0","843","100","False","🔴 high-null; 💀 completely-empty"
"crdfd_employee","843","crdfd_thongtininhkem_name","crdfd_thongtininhkem_name","String","True","0","843","100","False","🔴 high-null; 💀 completely-empty"
"crdfd_employee","843","crdfd_tinhthanhname","crdfd_tinhthanhname","String","True","0","843","100","False","🔴 high-null; 💀 completely-empty"
"crdfd_employee","843","crdfd_usernamename","crdfd_usernamename","String","True","0","843","100","False","🔴 high-null; 💀 completely-empty"
"crdfd_employee","843","crdfd_usernameyominame","crdfd_usernameyominame","String","True","0","843","100","False","🔴 high-null; 💀 completely-empty"
"crdfd_employee","843","wc001_mucluong","Mức lương","Decimal","True","0","843","100","False","🔴 high-null; 💀 completely-empty"
"crdfd_employee","843","cr1bb_idmoi","ID mới","String","True","1","842","99.9","False","🔴 high-null"
"crdfd_employee","843","crdfd_ngaykyhd","Ngày ký HD","DateTime","True","1","842","99.9","False","🔴 high-null"
"crdfd_employee","843","crdfd_vaccine","Vaccine","Picklist","True","1","842","99.9","False","🔴 high-null"
"crdfd_employee","843","cr1bb_quanhelaoong","Quan hệ lao động","Picklist","True","2","841","99.8","False","🔴 high-null"
"crdfd_employee","843","crdfd_cmnd","CMND","Integer","True","2","841","99.8","False","🔴 high-null"
"crdfd_employee","843","wc001_namtotnghiep","Năm tốt nghiệp","String","True","2","841","99.8","False","🔴 high-null"
"crdfd_employee","843","wc001_tinhchatlaoong","Tính chất lao động","Picklist","True","2","841","99.8","False","🔴 high-null"
"crdfd_employee","843","wc001_xeploaitotnghiep","Xếp loại tốt nghiệp","String","True","2","841","99.8","False","🔴 high-null"
"crdfd_employee","843","crdfd_ngayketthuchd","Ngày kết thúc HD","DateTime","True","5","838","99.4","False","🔴 high-null"
"crdfd_employee","843","cr1bb_giahanthuviec","Gia hạn thử việc","Integer","True","9","834","98.9","False","🔴 high-null"
"crdfd_employee","843","crdfd_noi_lam_viec_lien_tinh","Nơi làm việc (Liên tỉnh)","String","True","9","834","98.9","False","🔴 high-null"
"crdfd_employee","843","crdfd_oaid","OA ID","String","True","48","795","94.3","False","🔴 high-null"
"crdfd_employee","843","crdfd_json_cap_nhat_kh","JSON_cap_nhat_KH","Memo","True","58","785","93.1","False","🔴 high-null"
"crdfd_employee","843","wc001_chuyennganh","Chuyên ngành","String","True","60","783","92.9","False","🔴 high-null"
"crdfd_employee","843","wc001_noiaotao","Nơi đào tạo","String","True","76","767","91","False","🔴 high-null"
"crdfd_employee","843","cr1bb_tenthuongmai","Tên thương mại","Lookup","True","105","738","87.5","False","🟡 mid-null"
"crdfd_employee","843","wc001_nhkhaccn","Tên NH khác","String","True","117","726","86.1","False","🟡 mid-null"
"crdfd_employee","843","crdfd_stknhkhac","STK NH khác","String","True","119","724","85.9","False","🟡 mid-null"
"crdfd_employee","843","crdfd_json_kpi","Json KPI","Memo","True","133","710","84.2","False","🟡 mid-null"
"crdfd_employee","843","crdfd_thoigiancskh","Thời gian CSKH","Integer","True","136","707","83.9","False","🟡 mid-null"
"crdfd_employee","843","crdfd_trinhovanhoa","Trình độ văn hóa","String","True","140","703","83.4","False","🟡 mid-null"
"crdfd_employee","843","crdfd_photo_timestamp","crdfd_photo_timestamp","BigInt","True","211","632","75","False","🟡 mid-null"
"crdfd_employee","843","crdfd_photo_url","crdfd_photo_url","String","True","211","632","75","False","🟡 mid-null"
"crdfd_employee","843","crdfd_photoid","crdfd_photoid","Uniqueidentifier","True","211","632","75","False","🟡 mid-null"
"crdfd_employee","843","crdfd_sobhxh","Social Security Number","String","True","212","631","74.9","False","🟡 mid-null"
"crdfd_employee","843","crdfd_urlimage","Url Image","String","True","215","628","74.5","False","🟡 mid-null"
"crdfd_employee","843","crdfd_tongcheckinthang","Tổng check in (tháng)","Integer","True","223","620","73.5","True","🟡 mid-null; ⚠️ suspect-name"
"crdfd_employee","843","crdfd_masothue","Person Tax Code","String","True","224","619","73.4","False","🟡 mid-null"
"crdfd_employee","843","cr1bb_ngaynghi","Ngày nghỉ","DateTime","True","256","587","69.6","False","🟡 mid-null"
"crdfd_employee","843","crdfd_checkdata","Check data","String","True","282","561","66.5","True","🟡 mid-null; ⚠️ suspect-name"
"crdfd_employee","843","cr1bb_capbac","Cấp bậc","Lookup","True","383","460","54.6","False","🟡 mid-null"
"crdfd_employee","843","cr1bb_chucvu","Chức vụ","Lookup","True","383","460","54.6","False","🟡 mid-null"
"crdfd_employee","843","cr1bb_departmenteng","Department (Eng)","String","True","383","460","54.6","False","🟡 mid-null"
"crdfd_employee","843","cr1bb_leveleng","Level (Eng)","String","True","383","460","54.6","False","🟡 mid-null"
"crdfd_employee","843","cr1bb_nhomphongban","Nhóm phòng ban","String","True","383","460","54.6","False","🟡 mid-null"
"crdfd_employee","843","cr1bb_phongban","Phòng ban","Lookup","True","383","460","54.6","False","🟡 mid-null"
"crdfd_employee","843","cr1bb_positioneng","Position (Eng)","String","True","383","460","54.6","False","🟡 mid-null"
"crdfd_employee","843","crdfd_chinhanhnh","Bank Name","String","True","470","373","44.2","False",""
"crdfd_employee","843","crdfd_stknganhang","Bank Account","String","True","480","363","43.1","False",""
"crdfd_employee","843","wc001_trinho","Education","Picklist","True","491","352","41.8","False",""
"crdfd_employee","843","cr1bb_chucvutext","Chức vụ ( text)","String","True","547","296","35.1","False",""
"crdfd_employee","843","crdfd_iachihientai","Current Add","String","True","586","257","30.5","False",""
"crdfd_employee","843","crdfd_cccd","ID Code","String","True","591","252","29.9","False",""
"crdfd_employee","843","crdfd_masonhanvien","Timekeeping Code","String","True","591","252","29.9","False",""
"crdfd_employee","843","crdfd_ngaycap","Issued Date","DateTime","True","591","252","29.9","False",""
"crdfd_employee","843","crdfd_noicap","Issued Place","String","True","591","252","29.9","False",""
"crdfd_employee","843","crdfd_emailcanhan","Email công ty/cá nhân","String","True","593","250","29.7","False",""
"crdfd_employee","843","crdfd_quanlytructiep","Direct Management","Lookup","True","597","246","29.2","False",""
"crdfd_employee","843","crdfd_diachithuongtru","Permanence Add","String","True","598","245","29.1","False",""
"crdfd_employee","843","cr1bb_nhomchucdanh","Nhóm chức danh","Picklist","True","599","244","28.9","False",""
"crdfd_employee","843","cr1bb_nhomchucdanhtext","Nhóm chức danh text","String","True","599","244","28.9","False",""
"crdfd_employee","843","crdfd_capbac","Level","Picklist","True","603","240","28.5","False",""
"crdfd_employee","843","crdfd_ngaysinh","DOB","DateTime","True","606","237","28.1","False",""
"crdfd_employee","843","wc001_gioitinh","Gender","Picklist","True","606","237","28.1","False",""
"crdfd_employee","843","crdfd_xacnhanhanhkiem","Xác nhận hạnh kiểm","Boolean","True","616","227","26.9","False",""
"crdfd_employee","843","crdfd_loaihinhnhanvientext","Loại hình nhân viên text","String","True","619","224","26.6","False",""
"crdfd_employee","843","crdfd_loaihinhnhanvien","Status","Picklist","True","622","221","26.2","False",""
"crdfd_employee","843","cr1bb_chucvuvi","Position","Picklist","True","628","215","25.5","False",""
"crdfd_employee","843","cr1bb_ngaychinhthuc","Official Start Date","DateTime","True","648","195","23.1","False",""
"crdfd_employee","843","crdfd_ngaybatau","Start Date","DateTime","True","648","195","23.1","False",""
"crdfd_employee","843","crdfd_phonenumber","Phone","String","True","651","192","22.8","False",""
"crdfd_employee","843","crdfd_ongphucaothun","Đồng phục (áo thun)","Boolean","True","653","190","22.5","False",""
"crdfd_employee","843","crdfd_camketbaolanh","Cam kết bảo lãnh","Boolean","True","654","189","22.4","False",""
"crdfd_employee","843","crdfd_ongphuc","Đồng phục (áo khoác)","Picklist","True","654","189","22.4","False",""
"crdfd_employee","843","crdfd_bangcap","Bằng cấp","Boolean","True","700","143","17","False",""
"crdfd_employee","843","crdfd_camketthuetncn","Cam kết thuế TNCN","Boolean","True","700","143","17","False",""
"crdfd_employee","843","crdfd_cmndcccd","CMND / CCCD","Boolean","True","700","143","17","False",""
"crdfd_employee","843","crdfd_giaykhamsuckhoe","Giấy khám sức khỏe","Boolean","True","700","143","17","False",""
"crdfd_employee","843","crdfd_onxinviec","Đơn xin việc","Boolean","True","700","143","17","False",""
"crdfd_employee","843","crdfd_sohokhau","Sổ hộ khẩu","Boolean","True","700","143","17","False",""
"crdfd_employee","843","crdfd_soyeulylich","Sơ yếu lý lịch","Boolean","True","700","143","17","False",""
"crdfd_employee","843","crdfd_tinhthanh","Location","Lookup","True","753","90","10.7","False",""
"crdfd_employee","843","crdfd_username","Username","Lookup","True","757","86","10.2","False",""
"crdfd_employee","843","crdfd_mail","Email","String","True","807","36","4.3","False",""
"crdfd_employee","843","crdfd_phongbantext","Phòng ban (text)","String","True","816","27","3.2","False",""
"crdfd_employee","843","crdfd_phong","Dept","Picklist","True","827","16","1.9","False",""
"crdfd_employee","843","crdfd_name","Name","String","True","837","6","0.7","False",""
"crdfd_employee","843","cr1bb_trangthaitext","Trạng thái text","String","True","839","4","0.5","False",""
"crdfd_employee","843","crdfd_trangthai","Trạng thái","Picklist","True","839","4","0.5","False",""
"crdfd_employee","843","cr1bb_emailcal","Email cal","String","True","843","0","0","False",""
"crdfd_employee","843","cr1bb_emailcanhancal","Email cá nhân cal","String","True","843","0","0","False",""
"crdfd_employee","843","crdfd_fullnamecal","FullNameCal","String","True","843","0","0","False",""
"crdfd_employee","843","crdfd_local","Local","String","True","843","0","0","False",""
"crdfd_employee","843","crdfd_manhanvien","Employee Code","String","True","843","0","0","False",""
"crdfd_employee","843","crdfd_tinhthanhcal","Tỉnh/thành CAL","String","True","843","0","0","False",""
"crdfd_employee","843","crdfd_usernametext","UsernameText","String","True","843","0","0","False",""
"crdfd_products","21632","cr1bb_approvalwecare","Approval - Wecare","Lookup","True","0","21632","100","False","🔴 high-null; 💀 completely-empty"
"crdfd_products","21632","cr1bb_approvalwecarename","cr1bb_approvalwecarename","String","True","0","21632","100","False","🔴 high-null; 💀 completely-empty"
"crdfd_products","21632","cr1bb_gettheandroidapp","Get the Android app","DateTime","True","0","21632","100","False","🔴 high-null; 💀 completely-empty"
"crdfd_products","21632","cr1bb_hinhanhnew_timestamp","cr1bb_hinhanhnew_timestamp","BigInt","True","1","21631","100","True","🔴 high-null; ⚠️ suspect-name; 💀 completely-empty"
"crdfd_products","21632","cr1bb_hinhanhnew_url","cr1bb_hinhanhnew_url","String","True","1","21631","100","True","🔴 high-null; ⚠️ suspect-name; 💀 completely-empty"
"crdfd_products","21632","cr1bb_hinhanhnewid","cr1bb_hinhanhnewid","Uniqueidentifier","True","1","21631","100","False","🔴 high-null; 💀 completely-empty"
"crdfd_products","21632","cr1bb_ketangkhohcmname","cr1bb_ketangkhohcmname","String","True","0","21632","100","False","🔴 high-null; 💀 completely-empty"
"crdfd_products","21632","cr1bb_ngaycuoionhang","Ngày cuối đơn hàng","DateTime","True","0","21632","100","True","🔴 high-null; ⚠️ suspect-name; 💀 completely-empty"
"crdfd_products","21632","cr1bb_productgroupall","product group all ","String","True","0","21632","100","False","🔴 high-null; 💀 completely-empty"
"crdfd_products","21632","cr1bb_today","Today","DateTime","True","0","21632","100","False","🔴 high-null; 💀 completely-empty"
"crdfd_products","21632","crdfd_approvaledit","Approval - Edit","Picklist","True","0","21632","100","False","🔴 high-null; 💀 completely-empty"
"crdfd_products","21632","crdfd_importbatch","Import Batch","Decimal","True","0","21632","100","False","🔴 high-null; 💀 completely-empty"
"crdfd_products","21632","crdfd_importhscode","Import HS code","String","True","0","21632","100","False","🔴 high-null; 💀 completely-empty"
"crdfd_products","21632","crdfd_importleadtime","Import Leadtime","Integer","True","0","21632","100","False","🔴 high-null; 💀 completely-empty"
"crdfd_products","21632","crdfd_importmoq","Import MOQ","Decimal","True","0","21632","100","False","🔴 high-null; 💀 completely-empty"
"crdfd_products","21632","crdfd_ketangname","crdfd_ketangname","String","True","0","21632","100","False","🔴 high-null; 💀 completely-empty"
"crdfd_products","21632","crdfd_kho_tp_hochiminhname","crdfd_kho_tp_hochiminhname","String","True","0","21632","100","False","🔴 high-null; 💀 completely-empty"
"crdfd_products","21632","crdfd_khobinhinhname","crdfd_khobinhinhname","String","True","0","21632","100","False","🔴 high-null; 💀 completely-empty"
"crdfd_products","21632","crdfd_khokhanhhoaname","crdfd_khokhanhhoaname","String","True","0","21632","100","False","🔴 high-null; 💀 completely-empty"
"crdfd_products","21632","crdfd_nguoitaoonname","crdfd_nguoitaoonname","String","True","0","21632","100","False","🔴 high-null; 💀 completely-empty"
"crdfd_products","21632","crdfd_nhanviengiaionb","Nhân viên giải đơn BĐ","Lookup","True","0","21632","100","False","🔴 high-null; 💀 completely-empty"
"crdfd_products","21632","crdfd_nhanviengiaionbname","crdfd_nhanviengiaionbname","String","True","0","21632","100","False","🔴 high-null; 💀 completely-empty"
"crdfd_products","21632","crdfd_personinchargeimportname","crdfd_personinchargeimportname","String","True","0","21632","100","False","🔴 high-null; 💀 completely-empty"
"crdfd_products","21632","crdfd_personinchargename","crdfd_personinchargename","String","True","0","21632","100","False","🔴 high-null; 💀 completely-empty"
"crdfd_products","21632","crdfd_personinchargesaigonname","crdfd_personinchargesaigonname","String","True","0","21632","100","False","🔴 high-null; 💀 completely-empty"
"crdfd_products","21632","crdfd_productgroupname","crdfd_productgroupname","String","True","0","21632","100","False","🔴 high-null; 💀 completely-empty"
"crdfd_products","21632","crdfd_tieuchuankiemtra","Tiêu chuẩn kiểm tra","String","True","0","21632","100","False","🔴 high-null; 💀 completely-empty"
"crdfd_products","21632","crdfd_tylekiemtramanual","Tỷ lệ kiểm tra manual","Decimal","True","0","21632","100","False","🔴 high-null; 💀 completely-empty"
"crdfd_products","21632","crdfd_unitnamename","crdfd_unitnamename","String","True","0","21632","100","False","🔴 high-null; 💀 completely-empty"
"crdfd_products","21632","cr1bb_phanluongqrcodesanpham","Phân luồng QR Code sản phẩm","Picklist","True","32","21600","99.9","False","🔴 high-null"
"crdfd_products","21632","cr1bb_vathotro","VAT hỗ trợ","Picklist","True","41","21591","99.8","False","🔴 high-null"
"crdfd_products","21632","cr1bb_idmoi","id mới","String","True","98","21534","99.5","False","🔴 high-null"
"crdfd_products","21632","crdfd_flag","flag","String","True","592","21040","97.3","False","🔴 high-null"
"crdfd_products","21632","crdfd_personinchargeimport","Person in charge import","Lookup","True","614","21018","97.2","False","🔴 high-null"
"crdfd_products","21632","cr1bb_hinhanhfile_name","cr1bb_hinhanhfile_name","String","True","619","21013","97.1","False","🔴 high-null"
"crdfd_products","21632","crdfd_importsupplymode","Import Supply Mode","Picklist","True","728","20904","96.6","False","🔴 high-null"
"crdfd_products","21632","crdfd_yeucaukiemkho","Yêu cầu kiểm kho","String","True","820","20812","96.2","False","🔴 high-null"
"crdfd_products","21632","cr1bb_thoigianyeucau","Thời gian yêu cầu","DateTime","True","1088","20544","95","False","🔴 high-null"
"crdfd_products","21632","crdfd_ghichu","Ghi chú","String","True","1092","20540","95","False","🔴 high-null"
"crdfd_products","21632","crdfd_nguoitaoon","Người tạo đơn","Lookup","True","1239","20393","94.3","False","🔴 high-null"
"crdfd_products","21632","cr1bb_leadtimemua","Lead time mua","Integer","True","1563","20069","92.8","False","🔴 high-null"
"crdfd_products","21632","crdfd_phanloai","Phân loại","String","True","2306","19326","89.3","False","🟡 mid-null"
"crdfd_products","21632","crdfd_misaname","Misa name","String","True","2375","19257","89","False","🟡 mid-null"
"crdfd_products","21632","crdfd_leadtimechuachaybd","Leadtime gấp","Integer","True","3002","18630","86.1","False","🟡 mid-null"
"crdfd_products","21632","crdfd_khokhanhhoa","Kho Khánh Hòa","Lookup","True","3136","18496","85.5","False","🟡 mid-null"
"crdfd_products","21632","crdfd_masanphamnumber","Mã sản phẩm number","Integer","True","3225","18407","85.1","False","🟡 mid-null"
"crdfd_products","21632","crdfd_kho_tp_hochiminh","Kho Tp. Hồ Chí Minh","Lookup","True","4054","17578","81.3","False","🟡 mid-null"
"crdfd_products","21632","crdfd_misacode","Misa code","String","True","4284","17348","80.2","False","🟡 mid-null"
"crdfd_products","21632","crdfd_kiemdinhky","Kiểm định kỳ","Boolean","True","4371","17261","79.8","False","🟡 mid-null"
"crdfd_products","21632","crdfd_stockdeactivate","Stock deactivate","Picklist","True","5431","16201","74.9","False","🟡 mid-null"
"crdfd_products","21632","crdfd_ngaykiemkho","Ngày kiểm kho","DateTime","True","5792","15840","73.2","False","🟡 mid-null"
"crdfd_products","21632","cr1bb_ketangkhohcm","Kệ, tầng (kho HCM)","Lookup","True","6146","15486","71.6","False","🟡 mid-null"
"crdfd_products","21632","cr1bb_ketangkhohcmtext","Kệ, tầng (kho HCM) text","String","True","6146","15486","71.6","False","🟡 mid-null"
"crdfd_products","21632","crdfd_xahang","Xả hàng","Picklist","True","6808","14824","68.5","False","🟡 mid-null"
"crdfd_products","21632","cr1bb_odooid","Odoo ID","Integer","True","7450","14182","65.6","False","🟡 mid-null"
"crdfd_products","21632","crdfd_oldname","Old Name","String","True","7581","14051","65","True","🟡 mid-null; ⚠️ suspect-name"
"crdfd_products","21632","cr1bb_json_gia","json_gia","Memo","True","8999","12633","58.4","False","🟡 mid-null"
"crdfd_products","21632","crdfd_hoanthienbemat","Hoàn thiện bề mặt","String","True","8990","12642","58.4","False","🟡 mid-null"
"crdfd_products","21632","crdfd_loaisanpham","Loại sản phẩm","Picklist","True","9260","12372","57.2","False","🟡 mid-null"
"crdfd_products","21632","crdfd_picsg","PIC SG","String","True","9915","11717","54.2","False","🟡 mid-null"
"crdfd_products","21632","crdfd_thuonghieu","Thương hiệu","String","True","11054","10578","48.9","False",""
"crdfd_products","21632","crdfd_tieuchuankiemtranhomsp","Tiêu chuẩn kiểm tra nhóm sp","String","True","11719","9913","45.8","False",""
"crdfd_products","21632","crdfd_hinhanh_timestamp","crdfd_hinhanh_timestamp","BigInt","True","12152","9480","43.8","False",""
"crdfd_products","21632","crdfd_hinhanh_url","crdfd_hinhanh_url","String","True","12152","9480","43.8","False",""
"crdfd_products","21632","crdfd_hinhanhid","crdfd_hinhanhid","Uniqueidentifier","True","12152","9480","43.8","False",""
"crdfd_products","21632","cr1bb_imageurlproduct","Image url Product","String","True","12547","9085","42","False",""
"crdfd_products","21632","crdfd_picbd","PIC BD","String","True","12884","8748","40.4","False",""
"crdfd_products","21632","crdfd_tenthuongmai","Tên thương mại","String","True","13225","8407","38.9","False",""
"crdfd_products","21632","crdfd_tile","Tỉ lệ","Decimal","True","13225","8407","38.9","False",""
"crdfd_products","21632","crdfd_chatlieu","Chất liệu","String","True","13470","8162","37.7","False",""
"crdfd_products","21632","crdfd_ketang","Kệ, tầng","Lookup","True","17752","3880","17.9","False",""
"crdfd_products","21632","cr1bb_levelproductgroup","Level product group","String","True","18018","3614","16.7","False",""
"crdfd_products","21632","cr1bb_tonkhohangloibd","Tồn kho hàng lỗi - BD","Decimal","True","18155","3477","16.1","False",""
"crdfd_products","21632","crdfd_leadtimebuffer","Leadtime Buffer","Integer","True","19136","2496","11.5","False",""
"crdfd_products","21632","cr1bb_nganhnghe","Ngành nghề","Picklist","True","19417","2215","10.2","False",""
"crdfd_products","21632","crdfd_batbuocvat","Bắt buộc VAT?","Boolean","True","19803","1829","8.5","False",""
"crdfd_products","21632","crdfd_dang_chay_promotion","Đang chạy Promotion?","Boolean","True","19792","1840","8.5","False",""
"crdfd_products","21632","crdfd_importenabled","Import enabled","Boolean","True","19801","1831","8.5","False",""
"crdfd_products","21632","crdfd_leadtime2","Lead time","Integer","True","20071","1561","7.2","False",""
"crdfd_products","21632","crdfd_personinchargesaigon","Person in charge Sài Gòn","Lookup","True","20205","1427","6.6","False",""
"crdfd_products","21632","cr1bb_banchatgiaphatra","Bản chất giá phát ra","Picklist","True","20295","1337","6.2","False",""
"crdfd_products","21632","crdfd_gtgt","GTGT","Picklist","True","20521","1111","5.1","False",""
"crdfd_products","21632","crdfd_gtgt_value","GTGT value","Decimal","True","20521","1111","5.1","False",""
"crdfd_products","21632","crdfd_exuatkiemkho","Đề xuất kiểm kho","Boolean","True","20548","1084","5","False",""
"crdfd_products","21632","crdfd_minstock","Min Stock","Decimal","True","20562","1070","4.9","False",""
"crdfd_products","21632","crdfd_tkltbomua","TKLT (bỏ mua)","Decimal","True","20573","1059","4.9","False",""
"crdfd_products","21632","crdfd_tonkholythuyetbomuabd","Tồn kho lý thuyết (bỏ mua) - BD","Decimal","True","20573","1059","4.9","False",""
"crdfd_products","21632","crdfd_khobinhinh","Kho Bình Định","Lookup","True","20583","1049","4.8","False",""
"crdfd_products","21632","crdfd_maxstock","Max Stock","Decimal","True","20583","1049","4.8","False",""
"crdfd_products","21632","crdfd_tonkholythuyetbd","Tồn kho lý thuyết - BD","Decimal","True","20583","1049","4.8","False",""
"crdfd_products","21632","crdfd_tonkhothuctebd","Tồn kho thực tế - BD","Decimal","True","20583","1049","4.8","False",""
"crdfd_products","21632","cr1bb_phanluongqrcodecal","Phân luồng QRcode CAL","String","True","21061","571","2.6","False",""
"crdfd_products","21632","crdfd_tylekiemtraauto","Tỷ lệ kiểm tra auto","Decimal","True","21064","568","2.6","False",""
"crdfd_products","21632","cr1bb_hieulucgiatheonhomsp","Hiệu lực giá theo nhóm SP","Decimal","True","21286","346","1.6","False",""
"crdfd_products","21632","cr1bb_cap4","Cấp 4","String","True","21581","51","0.2","False",""
"crdfd_products","21632","crdfd_productgroup","Nhóm sản phẩm","Lookup","True","21581","51","0.2","False",""
"crdfd_products","21632","crdfd_person_in_charge","Person in charge CAL","String","True","21611","21","0.1","False",""
"crdfd_products","21632","crdfd_personincharge","Person in charge","Lookup","True","21611","21","0.1","False",""
"crdfd_products","21632","cr1bb_cap1nhsp","Cấp 1 NHSP","String","True","21632","0","0","False",""
"crdfd_products","21632","cr1bb_cap2nhsp","Cấp 2 NHSP","String","True","21632","0","0","False",""
"crdfd_products","21632","cr1bb_imageurl","Image url","String","True","21632","0","0","False",""
"crdfd_products","21632","cr1bb_loaisanphamtext","Loại sản phẩm text","String","True","21632","0","0","False",""
"crdfd_products","21632","cr1bb_manv","Mã NV","String","True","21632","0","0","False",""
"crdfd_products","21632","cr1bb_nhomsanphamcha","Nhóm sản phẩm cha","String","True","21632","0","0","False",""
"crdfd_products","21632","crdfd_confidentlevel","Confident level","String","True","21632","0","0","False",""
"crdfd_products","21632","crdfd_emailsource","Email (Source)","String","True","21632","0","0","False",""
"crdfd_products","21632","crdfd_fullname","Full name","String","True","21632","0","0","False",""
"crdfd_products","21632","crdfd_idnhomspcategoryparent","ID nhóm SP (category parent)","String","True","21632","0","0","False",""
"crdfd_products","21632","crdfd_ketangtext","Kệ, tầng text","String","True","21632","0","0","False",""
"crdfd_products","21632","crdfd_manhomsp","Mã nhóm sp","String","True","21632","0","0","False",""
"crdfd_products","21632","crdfd_masanpham","Mã sản phẩm","String","True","21632","0","0","False",""
"crdfd_products","21632","crdfd_name","Tên sản phẩm","String","True","21622","10","0","False",""
"crdfd_products","21632","crdfd_nguoiphutrachnhomsp","Người phụ trách (Nhóm SP)","String","True","21632","0","0","False",""
"crdfd_products","21632","crdfd_nguoiphutrachsaigon","Người phụ trách-Sài Gòn","String","True","21632","0","0","False",""
"crdfd_products","21632","crdfd_nguoiphutrachtransfome","Người phụ trách-Bình định","String","True","21632","0","0","False",""
"crdfd_products","21632","crdfd_nhomsanphamtext","Nhóm sản phẩm text","String","True","21632","0","0","False",""
"crdfd_products","21632","crdfd_onvichuantext","Đơn vị chuẩn text","String","True","21632","0","0","False",""
"crdfd_products","21632","crdfd_product_group_auto","product_group_auto","String","True","21632","0","0","False",""
"crdfd_products","21632","crdfd_quycach","Quy cách","String","True","21625","7","0","False",""
"crdfd_products","21632","crdfd_soonhangbod","Số đơn hàng BOD","Integer","True","21632","0","0","False",""
"crdfd_products","21632","crdfd_soonhangbod_date","Số đơn hàng BOD (Last Updated On)","DateTime","True","21632","0","0","False",""
"crdfd_products","21632","crdfd_soonhangbod_state","Số đơn hàng BOD (State)","Integer","True","21632","0","0","False",""
"crdfd_products","21632","crdfd_soonhangsod","Số đơn hàng SOD","Integer","True","21632","0","0","False",""
"crdfd_products","21632","crdfd_soonhangsod_date","Số đơn hàng SOD (Last Updated On)","DateTime","True","21632","0","0","False",""
"crdfd_products","21632","crdfd_soonhangsod_state","Số đơn hàng SOD (State)","Integer","True","21632","0","0","False",""
"crdfd_products","21632","crdfd_trangthai","Trạng thái","Boolean","True","21632","0","0","False",""
"crdfd_products","21632","crdfd_trangthaispactiveinactive","Trạng thái SP (Activate/Deactivate)","String","True","21632","0","0","False",""
"crdfd_products","21632","crdfd_unitname","Đơn vị chuẩn","Lookup","True","21626","6","0","False",""
"crdfd_products","21632","crdfd_unitnametransfome","Unit name transfome","String","True","21632","0","0","False",""
"crdfd_productgroup","1544","cr1bb_hesotonkhopromotion","Hệ số tồn kho - Promotion","Decimal","True","0","1544","100","False","🔴 high-null; 💀 completely-empty"
"crdfd_productgroup","1544","cr1bb_leadtimegap","Leadtime gấp","Integer","True","0","1544","100","False","🔴 high-null; 💀 completely-empty"
"crdfd_productgroup","1544","crdfd_cap1name","crdfd_cap1name","String","True","0","1544","100","False","🔴 high-null; 💀 completely-empty"
"crdfd_productgroup","1544","crdfd_cap2name","crdfd_cap2name","String","True","0","1544","100","False","🔴 high-null; 💀 completely-empty"
"crdfd_productgroup","1544","crdfd_cap3name","crdfd_cap3name","String","True","0","1544","100","False","🔴 high-null; 💀 completely-empty"
"crdfd_productgroup","1544","crdfd_cap4name","crdfd_cap4name","String","True","0","1544","100","False","🔴 high-null; 💀 completely-empty"
"crdfd_productgroup","1544","crdfd_cap5name","crdfd_cap5name","String","True","0","1544","100","False","🔴 high-null; 💀 completely-empty"
"crdfd_productgroup","1544","crdfd_cap6name","crdfd_cap6name","String","True","0","1544","100","False","🔴 high-null; 💀 completely-empty"
"crdfd_productgroup","1544","crdfd_cap7name","crdfd_cap7name","String","True","0","1544","100","False","🔴 high-null; 💀 completely-empty"
"crdfd_productgroup","1544","crdfd_ghichu","Ghi chú","String","True","0","1544","100","False","🔴 high-null; 💀 completely-empty"
"crdfd_productgroup","1544","crdfd_nguoiphutrachbname","crdfd_nguoiphutrachbname","String","True","0","1544","100","False","🔴 high-null; 💀 completely-empty"
"crdfd_productgroup","1544","crdfd_nguoiphutrachsgname","crdfd_nguoiphutrachsgname","String","True","0","1544","100","False","🔴 high-null; 💀 completely-empty"
"crdfd_productgroup","1544","crdfd_nguoitao","Người tạo ","Lookup","True","0","1544","100","False","🔴 high-null; 💀 completely-empty"
"crdfd_productgroup","1544","crdfd_nguoitaoname","crdfd_nguoitaoname","String","True","0","1544","100","False","🔴 high-null; 💀 completely-empty"
"crdfd_productgroup","1544","crdfd_nhomsanphamcap1name","crdfd_nhomsanphamcap1name","String","True","0","1544","100","False","🔴 high-null; 💀 completely-empty"
"crdfd_productgroup","1544","crdfd_nhomsanphamchaname","crdfd_nhomsanphamchaname","String","True","0","1544","100","False","🔴 high-null; 💀 completely-empty"
"crdfd_productgroup","1544","cr1bb_sourcing2","Sourcing","Memo","True","1","1543","99.9","False","🔴 high-null"
"crdfd_productgroup","1544","crdfd_cap6","Cấp 6","Lookup","True","3","1541","99.8","False","🔴 high-null"
"crdfd_productgroup","1544","cr1bb_rd2","R&D","Memo","True","10","1534","99.4","False","🔴 high-null"
"crdfd_productgroup","1544","cr1bb_sale2","Sales","Memo","True","9","1535","99.4","False","🔴 high-null"
"crdfd_productgroup","1544","cr1bb_filehinhanh_name","cr1bb_filehinhanh_name","String","True","13","1531","99.2","False","🔴 high-null"
"crdfd_productgroup","1544","cr1bb_moqtoithieu","MOQ tối thiểu","String","True","25","1519","98.4","False","🔴 high-null"
"crdfd_productgroup","1544","crdfd_nguoiphutrachsg","Người phụ trách SG","Lookup","True","39","1505","97.5","False","🔴 high-null"
"crdfd_productgroup","1544","crdfd_mota","Mô tả","Memo","True","46","1498","97","False","🔴 high-null"
"crdfd_productgroup","1544","cr1bb_phanloai","Phân loại","String","True","65","1479","95.8","False","🔴 high-null"
"crdfd_productgroup","1544","cr1bb_idmoi","ID mới","String","True","98","1446","93.7","False","🔴 high-null"
"crdfd_productgroup","1544","cr1bb_nhacungcapoithu","Nhà cung cấp đối thủ","Memo","True","117","1427","92.4","True","🔴 high-null; ⚠️ suspect-name"
"crdfd_productgroup","1544","crdfd_cap7","Cấp 7","Lookup","True","206","1338","86.7","False","🟡 mid-null"
"crdfd_productgroup","1544","cr1bb_kienthuccoban","Kiến thức cơ bản","String","True","297","1247","80.8","False","🟡 mid-null"
"crdfd_productgroup","1544","cr1bb_phanloaibentrong","Phân loại bên trong","String","True","296","1248","80.8","False","🟡 mid-null"
"crdfd_productgroup","1544","cr1bb_sanphamthaythe","Sản phẩm thay thế","String","True","296","1248","80.8","False","🟡 mid-null"
"crdfd_productgroup","1544","cr1bb_ungdungcuasp","Ứng dụng của SP","String","True","296","1248","80.8","True","🟡 mid-null; ⚠️ suspect-name"
"crdfd_productgroup","1544","cr1bb_uunhuocdiem","Ưu Nhược điểm","String","True","296","1248","80.8","False","🟡 mid-null"
"crdfd_productgroup","1544","crdfd_hansudung_hanluutru","Hạn sử dụng, hạn lưu trữ","Memo","True","298","1246","80.7","False","🟡 mid-null"
"crdfd_productgroup","1544","crdfd_vandethuonggap","Vấn đề thường gặp","Memo","True","298","1246","80.7","False","🟡 mid-null"
"crdfd_productgroup","1544","crdfd_dongsanphamphobien","Dòng sản phẩm phổ biến","Memo","True","299","1245","80.6","False","🟡 mid-null"
"crdfd_productgroup","1544","cr1bb_giamax","Giá Max","Decimal","True","302","1242","80.4","False","🟡 mid-null"
"crdfd_productgroup","1544","cr1bb_tieuchuanchatluong","Tiêu chuẩn chất lượng","String","True","308","1236","80.1","False","🟡 mid-null"
"crdfd_productgroup","1544","cr1bb_giamin","Giá Min","Decimal","True","345","1199","77.7","False","🟡 mid-null"
"crdfd_productgroup","1544","crdfd_cap5","Cấp 5","Lookup","True","350","1194","77.3","False","🟡 mid-null"
"crdfd_productgroup","1544","crdfd_tongtienban","Tổng  tiền bán","Decimal","True","387","1157","74.9","False","🟡 mid-null"
"crdfd_productgroup","1544","crdfd_hoanthienbemat","Hoàn thiện bề mặt","Memo","True","434","1110","71.9","False","🟡 mid-null"
"crdfd_productgroup","1544","cr1bb_soh6thang","Số ĐH (6 tháng)","Integer","True","495","1049","67.9","False","🟡 mid-null"
"crdfd_productgroup","1544","crdfd_khachhangaban","Khách hàng đã bán","Memo","True","495","1049","67.9","False","🟡 mid-null"
"crdfd_productgroup","1544","cr1bb_nganh_nghe","Ngành nghề","String","True","499","1045","67.7","False","🟡 mid-null"
"crdfd_productgroup","1544","crdfd_thuonghieu","Thương hiệu","Memo","True","517","1027","66.5","False","🟡 mid-null"
"crdfd_productgroup","1544","crdfd_chatlieu","Chất liệu","Memo","True","525","1019","66","False","🟡 mid-null"
"crdfd_productgroup","1544","crdfd_cap4","Cấp 4","Lookup","True","667","877","56.8","False","🟡 mid-null"
"crdfd_productgroup","1544","cr1bb_sanphamcogia","Sản phẩm có giá","String","True","759","785","50.8","False","🟡 mid-null"
"crdfd_productgroup","1544","crdfd_image_url","image_url","String","True","771","773","50.1","False","🟡 mid-null"
"crdfd_productgroup","1544","crdfd_phanluongqrcode","Phân luồng QR Code","Picklist","True","807","737","47.7","False",""
"crdfd_productgroup","1544","cr1bb_congkenh","Cồng kềnh","Integer","True","809","735","47.6","False",""
"crdfd_productgroup","1544","cr1bb_okhosanpham","Độ khó sản phẩm","Integer","True","809","735","47.6","False",""
"crdfd_productgroup","1544","cr1bb_trongluongthetich","Trọng lượng / Thể tích","Integer","True","809","735","47.6","False",""
"crdfd_productgroup","1544","cr1bb_so_san_pham_co_gia","Số sản phâm có giá","Integer","True","810","734","47.5","False",""
"crdfd_productgroup","1544","cr1bb_sorting","Sorting","Integer","True","811","733","47.5","False",""
"crdfd_productgroup","1544","crdfd_onvi","Đơn vị","String","True","810","734","47.5","False",""
"crdfd_productgroup","1544","crdfd_quycach","Quy cách","Memo","True","810","734","47.5","False",""
"crdfd_productgroup","1544","crdfd_ranklsp","Rank LSP","Integer","True","840","704","45.6","False",""
"crdfd_productgroup","1544","crdfd_dang_chay_promotion","Đang chạy Promotion?","Boolean","True","856","688","44.6","False",""
"crdfd_productgroup","1544","crdfd_hieulucbaonhieungay","Hiệu lực bao nhiêu ngày","Picklist","True","856","688","44.6","False",""
"crdfd_productgroup","1544","cr1bb_nhomhang","Nhóm hàng","Picklist","True","857","687","44.5","False",""
"crdfd_productgroup","1544","crdfd_soanhang","Soạn hàng","Picklist","True","857","687","44.5","False",""
"crdfd_productgroup","1544","crdfd_sanphamgiatricao3ngay","Sản phẩm giá trị cao (3 ngày)","Boolean","True","871","673","43.6","False",""
"crdfd_productgroup","1544","crdfd_nguoiphutrachb","Người phụ trách","Lookup","True","922","622","40.3","False",""
"crdfd_productgroup","1544","cr1bb_tiemnangnhom","Tiềm năng nhóm","Picklist","True","927","617","40","False",""
"crdfd_productgroup","1544","cr1bb_trangthainangcap","Trạng thái nâng cấp","Picklist","True","927","617","40","False",""
"crdfd_productgroup","1544","crdfd_hesonhom","Hệ số nhóm","Integer","True","931","613","39.7","False",""
"crdfd_productgroup","1544","crdfd_leadtime","Lead Time","Integer","True","951","593","38.4","False",""
"crdfd_productgroup","1544","crdfd_cap3","Cấp 3","Lookup","True","962","582","37.7","False",""
"crdfd_productgroup","1544","crdfd_nhomsanphamcap1","Nhóm Sản phẩm cấp 1","Lookup","True","1237","307","19.9","False",""
"crdfd_productgroup","1544","crdfd_hinhanh_timestamp","crdfd_hinhanh_timestamp","BigInt","True","1309","235","15.2","False",""
"crdfd_productgroup","1544","crdfd_hinhanh_url","crdfd_hinhanh_url","String","True","1309","235","15.2","False",""
"crdfd_productgroup","1544","crdfd_hinhanhid","crdfd_hinhanhid","Uniqueidentifier","True","1309","235","15.2","False",""
"crdfd_productgroup","1544","crdfd_cap2","Cấp 2","Lookup","True","1331","213","13.8","False",""
"crdfd_productgroup","1544","crdfd_lspchung","Loại sản phẩm (text)","String","True","1372","172","11.1","False",""
"crdfd_productgroup","1544","crdfd_loaisanpham","Loại sản phẩm","Picklist","True","1417","127","8.2","False",""
"crdfd_productgroup","1544","crdfd_cap1","Cấp 1","Lookup","True","1425","119","7.7","False",""
"crdfd_productgroup","1544","crdfd_atthugia","Đặc thù giá","Picklist","True","1503","41","2.7","False",""
"crdfd_productgroup","1544","crdfd_nhomsanphamcha","Nhóm sản phẩm cha","Lookup","True","1505","39","2.5","False",""
"crdfd_productgroup","1544","crdfd_productgroup_auto","ProductGroup_auto","String","True","1535","9","0.6","False",""
"crdfd_productgroup","1544","cr1bb_cap3text","Cấp 3 text","String","True","1544","0","0","False",""
"crdfd_productgroup","1544","cr1bb_cap4text","Cấp 4 text","String","True","1544","0","0","False",""
"crdfd_productgroup","1544","cr1bb_idcategorycalproductgroup","ID category (cal productgroup)","String","True","1544","0","0","False",""
"crdfd_productgroup","1544","crdfd_cap1text","Cấp 1 text","String","True","1544","0","0","False",""
"crdfd_productgroup","1544","crdfd_cap2text","Cấp 2 text","String","True","1544","0","0","False",""
"crdfd_productgroup","1544","crdfd_manhomsp","Mã nhóm SP","String","True","1544","0","0","False",""
"crdfd_productgroup","1544","crdfd_nguoiphutrachbcal","Người phụ trách BĐ CAL","String","True","1544","0","0","False",""
"crdfd_productgroup","1544","crdfd_nhomsanphamcap1text","Nhóm sản phẩm cấp 1 text","String","True","1544","0","0","False",""
"crdfd_productgroup","1544","crdfd_nhomsanphamchatext","Nhóm sản phẩm cha text","String","True","1544","0","0","False",""
"crdfd_productgroup","1544","crdfd_nhomsptext","Nhóm SP text","String","True","1544","0","0","False",""
"crdfd_productgroup","1544","crdfd_productname","Nhóm sản phẩm","String","True","1544","0","0","False",""
"crdfd_productgroup","1544","crdfd_sosanpham","Số sản phẩm","Integer","True","1544","0","0","False",""
"crdfd_productgroup","1544","crdfd_sosanpham_date","Số sản phẩm (Last Updated On)","DateTime","True","1544","0","0","False",""
"crdfd_productgroup","1544","crdfd_sosanpham_state","Số sản phẩm (State)","Integer","True","1544","0","0","False",""
"crdfd_productgroup","1544","crdfd_thuegtgt","Thuế GTGT","Picklist","True","1544","0","0","False",""
"crdfd_kho_binh_dinh","33954","cr1bb_action","Action","String","True","0","33954","100","False","🔴 high-null; 💀 completely-empty"
"crdfd_kho_binh_dinh","33954","cr1bb_huongxuly","Hướng xử lý","Picklist","True","2","33952","100","False","🔴 high-null; 💀 completely-empty"
"crdfd_kho_binh_dinh","33954","cr1bb_iemsailech","Điểm sai lệch","Decimal","True","0","33954","100","False","🔴 high-null; 💀 completely-empty"
"crdfd_kho_binh_dinh","33954","cr1bb_maonvisp","Mã đơn vị sp","Lookup","True","1","33953","100","False","🔴 high-null; 💀 completely-empty"
"crdfd_kho_binh_dinh","33954","cr1bb_maonvispname","cr1bb_maonvispname","String","True","0","33954","100","False","🔴 high-null; 💀 completely-empty"
"crdfd_kho_binh_dinh","33954","cr1bb_nhanvienmuahangname","cr1bb_nhanvienmuahangname","String","True","0","33954","100","False","🔴 high-null; 💀 completely-empty"
"crdfd_kho_binh_dinh","33954","cr1bb_oitac","Đối tác","Lookup","True","1","33953","100","False","🔴 high-null; 💀 completely-empty"
"crdfd_kho_binh_dinh","33954","cr1bb_oitacname","cr1bb_oitacname","String","True","0","33954","100","False","🔴 high-null; 💀 completely-empty"
"crdfd_kho_binh_dinh","33954","cr1bb_sanphamsauxi","Sản phẩm sau xi","Lookup","True","1","33953","100","False","🔴 high-null; 💀 completely-empty"
"crdfd_kho_binh_dinh","33954","cr1bb_sanphamsauxiname","cr1bb_sanphamsauxiname","String","True","0","33954","100","False","🔴 high-null; 💀 completely-empty"
"crdfd_kho_binh_dinh","33954","cr1bb_soluongxuly","Số lượng xử lý","Decimal","True","1","33953","100","False","🔴 high-null; 💀 completely-empty"
"crdfd_kho_binh_dinh","33954","crdfd_inventorybdname","crdfd_inventorybdname","String","True","0","33954","100","False","🔴 high-null; 💀 completely-empty"
"crdfd_kho_binh_dinh","33954","crdfd_nvmuahangurgentname","crdfd_nvmuahangurgentname","String","True","0","33954","100","False","🔴 high-null; 💀 completely-empty"
"crdfd_kho_binh_dinh","33954","crdfd_tensanphamlookupname","crdfd_tensanphamlookupname","String","True","0","33954","100","False","🔴 high-null; 💀 completely-empty"
"crdfd_kho_binh_dinh","33954","crdfd_vitrikhoname","crdfd_vitrikhoname","String","True","0","33954","100","False","🔴 high-null; 💀 completely-empty"
"crdfd_kho_binh_dinh","33954","cr1bb_slmuaquocte","SL mua quốc tế","Decimal","True","40","33914","99.9","False","🔴 high-null"
"crdfd_kho_binh_dinh","33954","cr1bb_suggeststockmanual","Suggest Stock (manual)","Decimal","True","47","33907","99.9","False","🔴 high-null"
"crdfd_kho_binh_dinh","33954","crdfd_sptonkhochinhxac","SP tồn kho chính xác","Picklist","True","25","33929","99.9","False","🔴 high-null"
"crdfd_kho_binh_dinh","33954","crdfd_maximportstock","Max Import Stock","Decimal","True","493","33461","98.5","False","🔴 high-null"
"crdfd_kho_binh_dinh","33954","crdfd_minimportstock","Min Import Stock","Decimal","True","493","33461","98.5","False","🔴 high-null"
"crdfd_kho_binh_dinh","33954","cr1bb_suggesttobuynhapkhau","Suggest to buy nhập khẩu","Decimal","True","722","33232","97.9","True","🔴 high-null; ⚠️ suspect-name"
"crdfd_kho_binh_dinh","33954","cr1bb_hangsanxuat","Hàng sản xuất","String","True","1433","32521","95.8","False","🔴 high-null"
"crdfd_kho_binh_dinh","33954","cr1bb_soluonganggiuathang","Số Lượng đang giữ đặt hàng","Integer","True","3793","30161","88.8","False","🟡 mid-null"
"crdfd_kho_binh_dinh","33954","cr1bb_hangkimkhi","Hàng Kim Khí","String","True","5085","28869","85","False","🟡 mid-null"
"crdfd_kho_binh_dinh","33954","cr1bb_stockdeactivate","Stock Deactivate","String","True","6288","27666","81.5","False","🟡 mid-null"
"crdfd_kho_binh_dinh","33954","crdfd_notes","Notes","String","True","7324","26630","78.4","False","🟡 mid-null"
"crdfd_kho_binh_dinh","33954","cr1bb_diemruirolechkho","Điểm rủi ro lệch kho","Decimal","True","9067","24887","73.3","False","🟡 mid-null"
"crdfd_kho_binh_dinh","33954","cr1bb_balance","Balance","Decimal","True","9524","24430","72","False","🟡 mid-null"
"crdfd_kho_binh_dinh","33954","crdfd_ke_hoach_hang_ve","Kế hoạch hàng về","Decimal","True","13239","20715","61","False","🟡 mid-null"
"crdfd_kho_binh_dinh","33954","crdfd_ke_hoach_soan_hang","Kế hoạch soạn hàng","Decimal","True","13405","20549","60.5","False","🟡 mid-null"
"crdfd_kho_binh_dinh","33954","cr1bb_purchasedwithin1year","Purchased within 1 year","String","True","14265","19689","58","False","🟡 mid-null"
"crdfd_kho_binh_dinh","33954","crdfd_datafrrom","Data frrom","String","True","19024","14930","44","False",""
"crdfd_kho_binh_dinh","33954","crdfd_soluong30ngaytieptheo","Số lượng 30 ngày tiếp theo","Decimal","True","19117","14837","43.7","False",""
"crdfd_kho_binh_dinh","33954","crdfd_soonhang30ngay","Số đơn hàng 30 ngày","Decimal","True","19117","14837","43.7","False",""
"crdfd_kho_binh_dinh","33954","crdfd_soonhanglaplai90ngay","Số đơn hàng lặp lại 90 ngày","Decimal","True","19117","14837","43.7","False",""
"crdfd_kho_binh_dinh","33954","cr1bb_phanloaihang","Phân loại hàng","Picklist","True","24601","9353","27.5","False",""
"crdfd_kho_binh_dinh","33954","cr1bb_slhangloisaukiem","Tồn hàng lỗi","Decimal","True","25290","8664","25.5","False",""
"crdfd_kho_binh_dinh","33954","cr1bb_tongtonkho","Tổng tồn kho","Decimal","True","25289","8665","25.5","False",""
"crdfd_kho_binh_dinh","33954","cr1bb_minstockday","Min stock day","Decimal","True","26298","7656","22.5","False",""
"crdfd_kho_binh_dinh","33954","crdfd_nvmuahanghcm","NV mua hàng HCM","String","True","26408","7546","22.2","False",""
"crdfd_kho_binh_dinh","33954","crdfd_forecast7ngay","Forecast 7 ngày","Decimal","True","27385","6569","19.3","False",""
"crdfd_kho_binh_dinh","33954","crdfd_forecast30ngay","Forecast 30 ngày","Decimal","True","27543","6411","18.9","False",""
"crdfd_kho_binh_dinh","33954","crdfd_soluong30ngay","Số lượng 30 ngày","Decimal","True","27543","6411","18.9","False",""
"crdfd_kho_binh_dinh","33954","crdfd_urgent","Urgent","Decimal","True","27525","6429","18.9","False",""
"crdfd_kho_binh_dinh","33954","crdfd_inventorybd","InventoryBD","Lookup","True","27700","6254","18.4","False",""
"crdfd_kho_binh_dinh","33954","cr1bb_id_kho_masp","ID_Kho_Mã SP","String","True","27727","6227","18.3","False",""
"crdfd_kho_binh_dinh","33954","crdfd_vitrikho","Vị trí kho","Lookup","True","27729","6225","18.3","False",""
"crdfd_kho_binh_dinh","33954","crdfd_vitrikhofx","Vị trí kho fx","String","True","27729","6225","18.3","False",""
"crdfd_kho_binh_dinh","33954","crdfd_confidentlevelfx","Confident Level","String","True","27784","6170","18.2","False",""
"crdfd_kho_binh_dinh","33954","crdfd_minstocknew","Min stock","Decimal","True","27787","6167","18.2","False",""
"crdfd_kho_binh_dinh","33954","cr1bb_tonkholythuyetbomua","Tồn kho lý thuyết - Bỏ mua","Decimal","True","27828","6126","18","False",""
"crdfd_kho_binh_dinh","33954","crdfd_nhomspcap1","Nhóm sp cấp 1","String","True","27828","6126","18","False",""
"crdfd_kho_binh_dinh","33954","crdfd_soonsod","Số đơn SOD","Decimal","True","27828","6126","18","False",""
"crdfd_kho_binh_dinh","33954","crdfd_tensanphamlookup","Tên sản phẩm","Lookup","True","27828","6126","18","False",""
"crdfd_kho_binh_dinh","33954","crdfd_tonkholythuyet","Tồn kho lý thuyết","Decimal","True","27839","6115","18","False",""
"crdfd_kho_binh_dinh","33954","crdfd_tonkhothucte","Tồn hàng đạt","Decimal","True","27832","6122","18","False",""
"crdfd_kho_binh_dinh","33954","cr1bb_nhanvienmuahang","NV mua hàng","Lookup","True","28126","5828","17.2","False",""
"crdfd_kho_binh_dinh","33954","crdfd_nvmuahangurgent","NV mua hàng urgent","Lookup","True","28131","5823","17.1","False",""
"crdfd_kho_binh_dinh","33954","cr1bb_promotionsensitivity","Promotion Sensitivity","Decimal","True","32778","1176","3.5","False",""
"crdfd_kho_binh_dinh","33954","cr1bb_chuachaytaikholocal","Chữa cháy tại kho local","Boolean","True","33641","313","0.9","False",""
"crdfd_kho_binh_dinh","33954","crdfd_stockstatusnew","Stock status","String","True","33757","197","0.6","False",""
"crdfd_kho_binh_dinh","33954","cr1bb_maxstockday","Max stock day","Decimal","True","33954","0","0","False",""
"crdfd_kho_binh_dinh","33954","cr1bb_onvihang","Đơn vị hàng","String","True","33954","0","0","False",""
"crdfd_kho_binh_dinh","33954","cr1bb_orderneeded","Order Needed","Decimal","True","33954","0","0","False",""
"crdfd_kho_binh_dinh","33954","cr1bb_suggesttobuynoiia","Suggest to buy nội địa","Decimal","True","33954","0","0","False",""
"crdfd_kho_binh_dinh","33954","cr1bb_tonkhadung","Tồn khả dụng","Decimal","True","33954","0","0","False",""
"crdfd_kho_binh_dinh","33954","cr1bb_tonkholythuyetnoiia","Tồn kho lý thuyết nội địa","Decimal","True","33954","0","0","False",""
"crdfd_kho_binh_dinh","33954","cr1bb_tonkholythuyetquocte","Tồn kho lý thuyết quốc tế","Decimal","True","33954","0","0","False",""
"crdfd_kho_binh_dinh","33954","cr1bb_trangthaixuly","Trạng thái xử lý","Picklist","True","33954","0","0","False",""
"crdfd_kho_binh_dinh","33954","crdfd_code","Code","String","True","33954","0","0","False",""
"crdfd_kho_binh_dinh","33954","crdfd_confidentlevel","Confident level cal","String","True","33954","0","0","False",""
"crdfd_kho_binh_dinh","33954","crdfd_kbd_auto","KBD_Auto","String","True","33955","-1","0","False",""
"crdfd_kho_binh_dinh","33954","crdfd_masp","Mã SP","String","True","33955","-1","0","False",""
"crdfd_kho_binh_dinh","33954","crdfd_maxstocknew","Max stock","Decimal","True","33955","-1","0","False",""
"crdfd_kho_binh_dinh","33954","crdfd_nhanviencungung2","Nhân viên cung ứng","String","True","33955","-1","0","True","⚠️ suspect-name"
"crdfd_kho_binh_dinh","33954","crdfd_nhomsp","Nhóm SP","String","True","33955","-1","0","False",""
"crdfd_kho_binh_dinh","33954","crdfd_onvi","Đơn vị","String","True","33955","-1","0","False",""
"crdfd_kho_binh_dinh","33954","crdfd_productid","Name","String","True","33947","7","0","False",""
"crdfd_kho_binh_dinh","33954","crdfd_suggesttobuynew","Suggest to buy","Decimal","True","33955","-1","0","False",""
"crdfd_kho_binh_dinh","33954","crdfd_tensptext","Tên SP","String","True","33955","-1","0","False",""
"crdfd_kho_binh_dinh","33954","crdfd_ton_kho_theo_ke_hoach","Tồn kho theo kế hoạch","Decimal","True","33955","-1","0","False",""
